key,input,usrcat-0,usrcat-1,usrcat-2,usrcat-3,usrcat-4,usrcat-5,usrcat-6,usrcat-7,usrcat-8,usrcat-9,usrcat-10,usrcat-11,usrcat-12,usrcat-13,usrcat-14,usrcat-15,usrcat-16,usrcat-17,usrcat-18,usrcat-19,usrcat-20,usrcat-21,usrcat-22,usrcat-23,usrcat-24,usrcat-25,usrcat-26,usrcat-27,usrcat-28,usrcat-29,usrcat-30,usrcat-31,usrcat-32,usrcat-33,usrcat-34,usrcat-35,usrcat-36,usrcat-37,usrcat-38,usrcat-39,usrcat-40,usrcat-41,usrcat-42,usrcat-43,usrcat-44,usrcat-45,usrcat-46,usrcat-47,usrcat-48,usrcat-49,usrcat-50,usrcat-51,usrcat-52,usrcat-53,usrcat-54,usrcat-55,usrcat-56,usrcat-57,usrcat-58,usrcat-59
IJDNQMDRQITEOD-UHFFFAOYSA-N,CCCC,1.321965896860069,0.36195910060890957,-4.495135885093598e-05,1.4037409846912483,0.9108964529930922,-0.7456020555515983,1.8109187069890904,1.1978251368045225,-0.7648266340628819,1.8109186836406668,1.1978251707609164,-0.764826565417242,1.321965896860069,0.36195910060890957,-4.495135885093598e-05,1.4037409846912483,0.9108964529930922,-0.7456020555515983,1.8109187069890904,1.1978251368045225,-0.7648266340628819,1.8109186836406668,1.1978251707609164,-0.764826565417242,0.0,0.0,0.0,0.0,0.0,0.0,0.0,0.0,0.0,0.0,0.0,0.0,0.0,0.0,0.0,0.0,0.0,0.0,0.0,0.0,0.0,0.0,0.0,0.0,0.0,0.0,0.0,0.0,0.0,0.0,0.0,0.0,0.0,0.0,0.0,0.0
